epoch,train_loss,train_mean_f1,val_loss,val_mean_f1,val_mean_average_precision,val_mean_roc_auc,val_mean_ap_zones_1_8,val_zone9_average_precision,val_zone9_f1,val_checkpoint_score,lr_backbone,lr_head
1,0.740545051624683,0.6348378731260739,0.7815949541827043,0.8454929460974882,0.8652376780060943,0.903222290080826,0.873299769041943,0.8007409497193053,0.8235294117647058,0.8515321232451516,6.022222222222222e-07,6.0222222222222225e-06
2,0.5471696565821167,0.7419508308959277,0.47609312559167544,0.8624546503947992,0.8978544717152965,0.9278089949899857,0.9168845271439346,0.7456140282861919,0.8059701492537313,0.8655033774866118,1.2022222222222223e-06,1.2022222222222223e-05
3,0.45181969137739736,0.7951142751871133,0.619128424488008,0.842037078343767,0.8671428758593165,0.8957335204321473,0.8907446067807421,0.6783290284879112,0.7671232876712328,0.8270199332928927,1.802222222222222e-06,1.802222222222222e-05
4,0.42649599599469645,0.8107164452381181,0.7025311679889759,0.857386884670336,0.8959630813618185,0.9132021243042409,0.9144160918430324,0.7483389975121076,0.8181818181818182,0.8645929635437549,2.4022222222222225e-06,2.4022222222222223e-05
5,0.381979864750504,0.8375318156774234,0.5551987649252017,0.8467251731985712,0.8821422633604501,0.9116651431570943,0.902155930056977,0.7220329297882344,0.8,0.8481190299763542,2.9999999888616346e-06,2.9999999888616344e-05
6,0.3945398669607656,0.8351843966796721,0.4031337533767025,0.8840876764675233,0.920798750285425,0.9369734957056595,0.9385848345482122,0.7785100761831286,0.8181818181818182,0.890562407038687,2.9991820623978585e-06,2.9991820623978585e-05
7,0.3531313751812095,0.8418757087790769,0.6604260701065262,0.8596594756064151,0.8946259129806727,0.9146175952257245,0.9060139090402892,0.8035219445037403,0.7931034482758621,0.8752663196793244,2.9967412046393917e-06,2.9967412046393916e-05
8,0.32092489368870797,0.8603191099643379,0.4837963008632263,0.8669293365937549,0.9168454924849835,0.9221450509969369,0.9375526021756007,0.751188614960047,0.7647058823529411,0.8816434060109345,2.9926800846283573e-06,2.9926800846283573e-05
9,0.30496332920973995,0.8679174562097085,0.6211958648947378,0.8579139173302419,0.893528664933664,0.9139801111385627,0.9087583411126358,0.7716912555018898,0.7777777777777778,0.867638215429412,2.9870031431398617e-06,2.9870031431398615e-05
10,0.2611077798380395,0.8825724766517451,0.5005685713374988,0.8796513872099927,0.9078027483609142,0.9292562384205816,0.9199563460243282,0.8105739670536025,0.8,0.8871416323331104,2.9797165878260746e-06,2.9797165878260746e-05
11,0.26030948799746123,0.886412686246057,0.45083080772310496,0.8860859633055563,0.9178347235111161,0.9325474649357685,0.9300651488064993,0.8199913211480503,0.8181818181818182,0.8970430005089646,2.9708283864282525e-06,2.9708283864282528e-05
12,0.2734176718217219,0.8787754459873076,0.5442063074248532,0.8631694452792762,0.9141237582863962,0.9211945117607063,0.9256293149093262,0.8220793053029567,0.782608695652174,0.8945643120274153,2.9603482580641282e-06,2.960348258064128e-05
13,0.23208774619508374,0.9035959186390519,0.5838232481386513,0.8764516676086932,0.8979709200547052,0.9101022645612561,0.9246579100392258,0.6844750001785399,0.7878787878787878,0.85260303708102,2.9482876626001996e-06,2.9482876626001996e-05
14,0.2185339987355707,0.9039420546863636,0.4987920247018337,0.8704596347346115,0.9299156029247388,0.9338767573427074,0.9404578631326979,0.845577521261067,0.8,0.9119937605712085,2.934659788120535e-06,2.9346597881205353e-05
15,0.21277597358696526,0.9057144013572996,0.5138013580814004,0.8747831169179848,0.9159009037559562,0.9280513654866694,0.9282697063513105,0.8169504829931221,0.8181818181818182,0.894873939343854,2.9194795365057956e-06,2.919479536505796e-05
16,0.23227033845859626,0.896219911084813,0.5690398623313134,0.8713452852839856,0.9172471563671625,0.9241140008939376,0.9285052890818464,0.8271820946496917,0.8,0.8981083307522,2.9027635071382483e-06,2.9027635071382484e-05
17,0.21462063631200157,0.9053095081903195,0.7142308854032308,0.8491129228228966,0.8940176015642061,0.899639944879004,0.9109464065497557,0.7585871616798094,0.7887323943661971,0.8652386330887717,2.8845299787505836e-06,2.8845299787505837e-05
18,0.18437365230668917,0.9196030004453615,0.6246340729761869,0.8821698136069417,0.9219248406219062,0.9326710574647392,0.9325252058924349,0.8371219184576766,0.84375,0.9039042196620074,2.8647988894383914e-06,2.8647988894383913e-05
19,0.16996224067231397,0.9276744893252415,0.6724430394746984,0.8654226288724426,0.9077516623563864,0.9204824384459452,0.9274536722163876,0.7501355834763763,0.7941176470588235,0.8742582455943843,2.843591814858146e-06,2.843591814858146e-05
20,0.1628961410634201,0.9279714112447253,0.6933183930348605,0.860931568076442,0.9031490397498855,0.9080939401581148,0.9171903681344556,0.7908184126733241,0.7761194029850746,0.879278781496116,2.820931944634542e-06,2.8209319446345417e-05
21,0.15776021770011497,0.9284298385061904,0.8525889008926849,0.8567865370857555,0.9018545985520193,0.9072078178259022,0.9159998230553312,0.7886928025255237,0.78125,0.8778077168963889,2.796844057002979e-06,2.7968440570029793e-05
22,0.14380079964348388,0.9382203221431351,0.8410451641286879,0.8508685222610617,0.8971064266105783,0.9054105359980286,0.9089272589928672,0.8025397675522659,0.8,0.8770110115606867,2.7713544917149285e-06,2.7713544917149286e-05
23,0.14539944763475524,0.9375534096663201,0.8030340782754745,0.8584217324942313,0.906532721857999,0.9155499158172196,0.9190108547020985,0.8067076591052044,0.819672131147541,0.8853198960230302,2.7444911212357983e-06,2.7444911212357982e-05
24,0.12928714853997986,0.94676805628068,0.6481561861932278,0.8615353674988886,0.9056617565014731,0.9210233473182416,0.9130347856999494,0.846677522913662,0.8235294117647058,0.8931276068640632,2.716283320266804e-06,2.716283320266804e-05
25,0.14277249219254068,0.9390505455837901,0.6848103064849662,0.8740041264451814,0.9233842993035825,0.9297941884790742,0.9310941471143738,0.8617055168172513,0.8387096774193549,0.910277558025237,2.6867619336241613e-06,2.6867619336241616e-05
26,0.11657989161341949,0.9510556139863766,0.8661447992645359,0.8418899441325958,0.8971469462995921,0.9009240196120368,0.9090227725243716,0.8021403365013555,0.7619047619047619,0.8769580417174667,2.655959242510736e-06,2.655959242510736e-05
27,0.10200961365016518,0.9564607546114234,0.9248496145553265,0.8431253361959772,0.8965791640457675,0.9128567937585176,0.9083345229926973,0.8025362924703294,0.8307692307692308,0.8765950538359869,2.62390892921702e-06,2.62390892921702e-05
28,0.10595254887938284,0.9582700377292278,0.7075964398100041,0.8597260202484083,0.9083024243652196,0.9186694946910481,0.9203179588776396,0.8121781482658603,0.8,0.8878760156941058,2.590646040290042e-06,2.590646040290042e-05
29,0.09462290525727608,0.9594602003747812,0.8386359059717506,0.8391514964285438,0.8957891525835753,0.9044576426678351,0.9068279575454046,0.8074787128889411,0.78125,0.8770231841484655,2.5562069482104826e-06,2.5562069482104827e-05
30,0.08406974526404812,0.9667439752928035,0.9125148014708733,0.8332767554893484,0.8952862631627201,0.9055300392995262,0.904944725524055,0.8180185642720401,0.78125,0.8788668771484506,2.5206293116199017e-06,2.520629311619902e-05
31,0.08496591510245977,0.9640221055678444,0.8438080337179902,0.8400368519835505,0.9017460316860968,0.9138767574769171,0.9129983238061494,0.811727694725676,0.7868852459016393,0.8826171350820073,2.483952034141565e-06,2.483952034141565e-05
32,0.07647940469766655,0.9673125404869573,1.0503331760356862,0.8378583086465841,0.9054399062021399,0.9129161902630515,0.913264677532302,0.8428417355608431,0.8059701492537313,0.8921377949408643,2.446215221839905e-06,2.4462152218399053e-05
33,0.07493317233322563,0.9680597420666872,0.8939406198381524,0.8476760818896282,0.8996846965135656,0.9130832774050917,0.9085009606152396,0.8291545837001737,0.8064516129032258,0.8846970475407196,2.4074601393651277e-06,2.4074601393651275e-05
34,0.06414648946919811,0.9734323515001537,0.910925727715221,0.8414197140615163,0.8938215387926428,0.9091823431345509,0.9006005526811218,0.8395894276848105,0.7936507936507936,0.8822972151822284,2.3677291648309217e-06,2.3677291648309216e-05
